brand,model,make year,reg year,km driven,price,transmission,fuel type,engine capacity(CC),ownership,reg number,has insurance,spare key,title,overall cost
Ford,Endeavour,2022,2022,39447,410000,Manual,Petrol,1200,First Owner,RJ04D9322,Yes,No,Ford Endeavour 2022,20500
Mahindra,Scorpio,2021,2021,34237,425000,Manual,Petrol,2000,Second Owner,HR16C1189,Yes,No,Mahindra Scorpio 2021,21250
Tata,Nexon,2012,2012,181846,75000,Manual,CNG,1200,Third Owner,MH09B3612,Yes,Yes,Tata Nexon 2012,3750
Renault,Triber,2023,2023,12409,340000,Manual,Petrol,1000,First Owner,MH12B5297,No,Yes,Renault Triber 2023,17000
Renault,Captur,2018,2018,99586,185000,Automatic,Diesel,1000,First Owner,DL07A6463,Yes,Yes,Renault Captur 2018,9250
Honda,City,2017,2017,128393,225000,Automatic,Diesel,1200,Third Owner,UP08D4104,Yes,Yes,Honda City 2017,11250
Honda,WR-V,2017,2017,102230,195000,Manual,Diesel,1500,Third Owner,HR14C7938,Yes,Yes,Honda WR-V 2017,9750
Honda,Accord,2016,2016,197681,195000,Automatic,Petrol,1600,Second Owner,PB04A4157,No,No,Honda Accord 2016,9750
Toyota,Corolla,2021,2021,42090,555000,Automatic,Petrol,2000,First Owner,UP07B8392,Yes,No,Toyota Corolla 2021,27750
Volkswagen,Tiguan,2016,2016,106325,200000,Manual,Petrol,2000,Second Owner,PB09D6232,Yes,Yes,Volkswagen Tiguan 2016,10000
Ford,Figo,2012,2012,95265,125000,Manual,Electric,1200,Second Owner,GJ05D8392,Yes,No,Ford Figo 2012,6250
Kia,Sonet,2016,2016,152901,245000,Manual,Diesel,2200,Second Owner,MH06B2930,No,No,Kia Sonet 2016,12250
Mahindra,Bolero,2012,2012,249111,130000,Manual,Diesel,2200,Second Owner,GJ09A2959,Yes,No,Mahindra Bolero 2012,6500
Volkswagen,Polo,2011,2011,207402,135000,Automatic,Diesel,2000,Second Owner,DL16B5548,No,No,Volkswagen Polo 2011,6750
Honda,Jazz,2012,2012,146481,125000,Manual,Petrol,1200,First Owner,TS08D9445,Yes,Yes,Honda Jazz 2012,6250
Hyundai,Santro,2011,2011,2734,95000,Manual,Diesel,1200,Second Owner,AP16D7015,No,No,Hyundai Santro 2011,4750
Honda,CR-V,2016,2016,119934,180000,Manual,CNG,1400,Second Owner,MH01D8022,Yes,Yes,Honda CR-V 2016,9000
Honda,WR-V,2012,2012,156350,135000,Automatic,Petrol,1400,First Owner,RJ17B1606,No,No,Honda WR-V 2012,6750
Toyota,Innova,2012,2012,160904,175000,Manual,CNG,2200,First Owner,MH15B2686,Yes,Yes,Toyota Innova 2012,8750
Maruti,Swift,2018,2018,64057,155000,Manual,Petrol,800,First Owner,RJ13D6625,Yes,No,Maruti Swift 2018,7750
Renault,Captur,2012,2012,88562,75000,Manual,Diesel,1000,Second Owner,HR17D5777,No,Yes,Renault Captur 2012,3750
Maruti,Vitara Brezza,2021,2021,50438,235000,Manual,Diesel,1000,Second Owner,GJ08D7799,No,Yes,Maruti Vitara Brezza 2021,11750
Maruti,Ertiga,2012,2012,114215,65000,Manual,Petrol,800,Second Owner,WB01B1512,Yes,Yes,Maruti Ertiga 2012,3250
Volkswagen,Passat,2022,2022,48784,515000,Automatic,Petrol,2000,First Owner,KA05B3744,Yes,Yes,Volkswagen Passat 2022,25750
Tata,Tiago,2021,2021,44695,260000,Manual,Petrol,1400,Second Owner,AP04B8390,Yes,No,Tata Tiago 2021,13000
Renault,Lodgy,2022,2022,33874,375000,Automatic,Diesel,1200,First Owner,DL01A3738,No,No,Renault Lodgy 2022,18750
Renault,Duster,2020,2020,62506,225000,Automatic,Petrol,800,Second Owner,MH19A4974,Yes,No,Renault Duster 2020,11250
Renault,Captur,2018,2018,70752,180000,Manual,Diesel,1000,Second Owner,KA16D6073,Yes,Yes,Renault Captur 2018,9000
Toyota,Urban Cruiser,2010,2010,252951,120000,Manual,CNG,2200,Second Owner,UP13C8186,Yes,Yes,Toyota Urban Cruiser 2010,6000
Volkswagen,Tiguan,2021,2021,83923,415000,Manual,Diesel,1800,Second Owner,AP04A2167,No,Yes,Volkswagen Tiguan 2021,20750
Ford,Figo,2014,2014,154655,120000,Manual,Petrol,1500,Third Owner,WB17A2542,Yes,Yes,Ford Figo 2014,6000
Kia,Sonet,2014,2014,62802,190000,Manual,Petrol,2500,Third Owner,GJ13D4141,No,Yes,Kia Sonet 2014,9500
Ford,Aspire,2019,2019,64721,270000,Manual,Diesel,1600,Second Owner,UP07A7530,Yes,No,Ford Aspire 2019,13500
Maruti,Swift,2017,2017,19654,170000,Manual,Electric,1000,First Owner,AP16B6348,Yes,No,Maruti Swift 2017,8500
Volkswagen,Polo,2023,2023,24451,490000,Manual,Petrol,2200,Second Owner,RJ06D8575,Yes,Yes,Volkswagen Polo 2023,24500
Kia,Sonet,2021,2021,36605,505000,Manual,Diesel,1800,First Owner,UP01A8891,Yes,Yes,Kia Sonet 2021,25250
Honda,Civic,2015,2015,76347,240000,Automatic,Diesel,1600,First Owner,RJ01B3193,No,Yes,Honda Civic 2015,12000
Volkswagen,Vento,2020,2020,66906,410000,Manual,Petrol,2000,First Owner,GJ06D3000,Yes,No,Volkswagen Vento 2020,20500
Ford,Freestyle,2014,2014,110231,135000,Manual,Petrol,1400,Second Owner,DL17D4419,Yes,Yes,Ford Freestyle 2014,6750
Mahindra,Marazzo,2012,2012,217661,140000,Automatic,Petrol,2000,Third Owner,DL16C4374,Yes,No,Mahindra Marazzo 2012,7000
Honda,Accord,2015,2015,128372,170000,Manual,Petrol,1400,Second Owner,MH06A6115,Yes,Yes,Honda Accord 2015,8500
Tata,Altroz,2017,2017,113674,195000,Manual,Electric,1600,Second Owner,PB11D2906,Yes,Yes,Tata Altroz 2017,9750
Mahindra,XUV300,2017,2017,80290,305000,Manual,Diesel,2500,First Owner,HR19C8956,Yes,Yes,Mahindra XUV300 2017,15250
Toyota,Corolla,2010,2010,53813,135000,Manual,Diesel,2000,Second Owner,UP15A7493,Yes,Yes,Toyota Corolla 2010,6750
Tata,Nexon,2017,2017,75332,140000,Manual,CNG,1500,Second Owner,WB14D1364,Yes,Yes,Tata Nexon 2017,7000
Honda,Accord,2016,2016,224437,175000,Automatic,Petrol,1200,Second Owner,UP05D9905,Yes,No,Honda Accord 2016,8750
Volkswagen,Polo,2022,2022,60653,525000,Manual,Diesel,2200,First Owner,TS02C8943,Yes,Yes,Volkswagen Polo 2022,26250
Toyota,Corolla,2013,2013,198003,150000,Manual,Petrol,2500,Third Owner,AP06B6622,Yes,No,Toyota Corolla 2013,7500
Renault,Kwid,2016,2016,118802,150000,Automatic,Diesel,1200,Second Owner,RJ06C6560,No,Yes,Renault Kwid 2016,7500
Toyota,Corolla,2019,2019,44657,490000,Automatic,Diesel,1800,Second Owner,TS05B5234,No,Yes,Toyota Corolla 2019,24500
Mahindra,Scorpio,2017,2017,80538,255000,Manual,Petrol,1800,Second Owner,TS03B8984,No,No,Mahindra Scorpio 2017,12750
Toyota,Glanza,2018,2018,63555,395000,Automatic,Diesel,1800,Second Owner,RJ11A7413,No,No,Toyota Glanza 2018,19750
Honda,Jazz,2023,2023,8139,530000,Manual,Diesel,1200,First Owner,RJ14D8804,Yes,No,Honda Jazz 2023,26500
Volkswagen,Polo,2010,2010,209511,140000,Automatic,Diesel,1800,First Owner,TS03C2202,Yes,Yes,Volkswagen Polo 2010,7000
Maruti,Baleno,2023,2023,26696,420000,Automatic,Diesel,1000,First Owner,DL04B5612,No,Yes,Maruti Baleno 2023,21000
Tata,Tiago,2017,2017,110293,135000,Manual,Petrol,1600,Third Owner,MH19C1793,Yes,Yes,Tata Tiago 2017,6750
Kia,Sonet,2015,2015,72742,250000,Manual,CNG,2000,First Owner,MH01C1827,Yes,Yes,Kia Sonet 2015,12500
Toyota,Camry,2017,2017,137921,285000,Manual,Petrol,2200,Third Owner,RJ09B2792,Yes,No,Toyota Camry 2017,14250
Mahindra,XUV500,2010,2010,188814,110000,Manual,Petrol,2500,Third Owner,HR09C9766,Yes,No,Mahindra XUV500 2010,5500
Ford,Figo,2020,2020,61629,375000,Manual,Electric,1500,First Owner,UP07D4572,No,Yes,Ford Figo 2020,18750
Mahindra,Scorpio,2021,2021,41831,555000,Automatic,Petrol,1800,First Owner,WB08A5422,Yes,Yes,Mahindra Scorpio 2021,27750
Renault,Triber,2023,2023,16676,295000,Manual,CNG,800,First Owner,DL14C7645,Yes,Yes,Renault Triber 2023,14750
Tata,Nexon,2017,2017,47070,155000,Manual,Diesel,1400,Third Owner,MH07A1832,Yes,Yes,Tata Nexon 2017,7750
Renault,Kwid,2014,2014,148754,90000,Manual,Diesel,1200,Third Owner,RJ14C5547,No,Yes,Renault Kwid 2014,4500
Ford,Figo,2016,2016,160923,155000,Manual,Petrol,1200,Second Owner,WB18B7852,Yes,Yes,Ford Figo 2016,7750
Ford,Endeavour,2013,2013,91313,110000,Manual,CNG,1400,Second Owner,HR12D3679,No,Yes,Ford Endeavour 2013,5500
Hyundai,Creta,2010,2010,189917,65000,Manual,Petrol,1200,Second Owner,TN13B9996,Yes,No,Hyundai Creta 2010,3250
Tata,Nexon,2015,2015,110655,155000,Automatic,Petrol,1400,First Owner,AP06C5263,Yes,No,Tata Nexon 2015,7750
Kia,Seltos,2010,2010,63149,110000,Manual,Petrol,2000,Third Owner,DL19A6490,Yes,Yes,Kia Seltos 2010,5500
Tata,Nexon,2020,2020,62711,320000,Manual,Electric,1400,First Owner,RJ01B8715,Yes,Yes,Tata Nexon 2020,16000
Maruti,Dzire,2020,2020,31144,200000,Manual,Petrol,1000,First Owner,DL11D7185,Yes,Yes,Maruti Dzire 2020,10000
Honda,CR-V,2015,2015,55205,235000,Automatic,Electric,1600,Third Owner,UP17C5107,Yes,No,Honda CR-V 2015,11750
Toyota,Innova,2016,2016,144997,290000,Manual,Petrol,2500,Second Owner,HR09A9238,Yes,Yes,Toyota Innova 2016,14500
Kia,Seltos,2015,2015,82023,220000,Manual,Petrol,2500,Third Owner,TN07C5497,Yes,No,Kia Seltos 2015,11000
Renault,Triber,2021,2021,37709,230000,Manual,Diesel,1200,Second Owner,TN13B9684,Yes,Yes,Renault Triber 2021,11500
Kia,Sonet,2023,2023,28267,790000,Automatic,Petrol,2200,First Owner,AP12A1271,No,No,Kia Sonet 2023,39500
Volkswagen,Tiguan,2016,2016,171400,215000,Manual,Petrol,1800,Second Owner,TN18B5388,Yes,Yes,Volkswagen Tiguan 2016,10750
Volkswagen,Tiguan,2010,2010,121416,150000,Automatic,Diesel,2200,First Owner,TS07D8486,No,Yes,Volkswagen Tiguan 2010,7500
Volkswagen,Tiguan,2013,2013,133541,165000,Manual,Diesel,1800,Second Owner,HR11B1824,Yes,Yes,Volkswagen Tiguan 2013,8250
Mahindra,Bolero,2014,2014,79893,255000,Automatic,Electric,1800,First Owner,HR03B8312,Yes,No,Mahindra Bolero 2014,12750
Renault,Lodgy,2018,2018,136309,165000,Manual,Petrol,1000,First Owner,UP03A7881,No,No,Renault Lodgy 2018,8250
Toyota,Glanza,2020,2020,36420,480000,Manual,Diesel,2000,First Owner,TS05D4020,No,No,Toyota Glanza 2020,24000
Honda,Amaze,2012,2012,219182,145000,Automatic,Diesel,1500,Second Owner,RJ01C2704,Yes,Yes,Honda Amaze 2012,7250
Tata,Punch,2020,2020,49418,265000,Automatic,Diesel,1500,Second Owner,HR10D7506,Yes,No,Tata Punch 2020,13250
Hyundai,Santro,2022,2022,33308,335000,Manual,Petrol,1600,First Owner,RJ02D5543,Yes,No,Hyundai Santro 2022,16750
Ford,Figo,2018,2018,82726,225000,Manual,Diesel,1600,Second Owner,TN04B8491,Yes,No,Ford Figo 2018,11250
Kia,Sonet,2010,2010,154361,150000,Manual,Diesel,2200,First Owner,PB01B4356,No,Yes,Kia Sonet 2010,7500
Ford,Freestyle,2022,2022,43535,510000,Automatic,Diesel,1500,First Owner,DL12D1988,No,Yes,Ford Freestyle 2022,25500
Mahindra,Thar,2018,2018,29457,355000,Automatic,Petrol,2000,First Owner,DL12B6390,Yes,Yes,Mahindra Thar 2018,17750
Volkswagen,Polo,2022,2022,48105,495000,Manual,Petrol,2000,First Owner,WB03D8725,Yes,Yes,Volkswagen Polo 2022,24750
Tata,Safari,2018,2018,75721,215000,Automatic,Petrol,1500,Second Owner,RJ11D4788,Yes,Yes,Tata Safari 2018,10750
Hyundai,Santro,2015,2015,155472,130000,Automatic,CNG,1200,Third Owner,KA09A7731,No,Yes,Hyundai Santro 2015,6500
Mahindra,XUV300,2013,2013,197500,180000,Manual,Diesel,2000,First Owner,DL13D8833,Yes,Yes,Mahindra XUV300 2013,9000
Kia,Sonet,2011,2011,172328,170000,Manual,Diesel,2500,First Owner,TS09C1552,No,No,Kia Sonet 2011,8500
Tata,Tigor,2020,2020,101288,220000,Manual,CNG,1600,First Owner,KA09D5109,Yes,Yes,Tata Tigor 2020,11000
Volkswagen,Polo,2012,2012,99711,150000,Manual,Petrol,2200,First Owner,TS18C1661,Yes,Yes,Volkswagen Polo 2012,7500
Kia,Carnival,2012,2012,127499,150000,Manual,Petrol,2200,Third Owner,HR05D4453,No,Yes,Kia Carnival 2012,7500
Volkswagen,Passat,2019,2019,78374,345000,Manual,Diesel,2000,Second Owner,KA19B5732,Yes,No,Volkswagen Passat 2019,17250
Maruti,Wagon R,2019,2019,85160,175000,Manual,Petrol,1200,Second Owner,AP05B5648,Yes,No,Maruti Wagon R 2019,8750
Renault,Kwid,2013,2013,90128,80000,Manual,Petrol,1200,Third Owner,AP01D5555,Yes,No,Renault Kwid 2013,4000
Kia,Carnival,2015,2015,116657,240000,Automatic,Petrol,2000,Second Owner,RJ11D7656,Yes,Yes,Kia Carnival 2015,12000
Toyota,Camry,2021,2021,66984,435000,Manual,CNG,2500,Second Owner,PB18B1968,Yes,No,Toyota Camry 2021,21750
Ford,Aspire,2015,2015,123164,160000,Manual,Electric,1600,Third Owner,PB02A8473,No,Yes,Ford Aspire 2015,8000
Hyundai,Elantra,2021,2021,31410,330000,Manual,Diesel,1400,First Owner,GJ08B9320,No,Yes,Hyundai Elantra 2021,16500
Mahindra,Scorpio,2010,2010,188163,100000,Manual,CNG,1800,Third Owner,PB08A5909,No,No,Mahindra Scorpio 2010,5000
Toyota,Camry,2018,2018,88702,360000,Manual,Petrol,2000,Second Owner,UP16A4828,Yes,No,Toyota Camry 2018,18000
Mahindra,Marazzo,2013,2013,197101,155000,Automatic,Petrol,2000,Third Owner,DL07A3772,Yes,Yes,Mahindra Marazzo 2013,7750
Toyota,Glanza,2021,2021,88954,525000,Manual,Petrol,2500,First Owner,KA08B8117,Yes,Yes,Toyota Glanza 2021,26250
Kia,Sonet,2015,2015,55627,215000,Manual,Diesel,2500,Third Owner,MH12C7570,Yes,Yes,Kia Sonet 2015,10750
Toyota,Urban Cruiser,2018,2018,58426,455000,Automatic,Petrol,2500,First Owner,TN16A4610,No,Yes,Toyota Urban Cruiser 2018,22750
Kia,Sonet,2011,2011,185375,120000,Manual,Petrol,2000,Second Owner,HR07A4654,Yes,No,Kia Sonet 2011,6000
Renault,Captur,2013,2013,210700,85000,Manual,Diesel,800,First Owner,GJ09B5616,Yes,Yes,Renault Captur 2013,4250
Kia,Seltos,2019,2019,46133,415000,Automatic,Petrol,2500,Second Owner,MH19D4040,Yes,Yes,Kia Seltos 2019,20750
Hyundai,i20,2016,2016,61495,190000,Manual,Diesel,1200,Second Owner,HR09B2100,Yes,Yes,Hyundai i20 2016,9500
Honda,Accord,2014,2014,114298,140000,Manual,Diesel,1200,Third Owner,WB14C6699,No,Yes,Honda Accord 2014,7000
Tata,Tiago,2010,2010,90014,80000,Manual,Petrol,1200,First Owner,DL02D3475,Yes,Yes,Tata Tiago 2010,4000
Hyundai,Creta,2015,2015,102449,205000,Automatic,Electric,1400,Second Owner,DL03B5211,Yes,Yes,Hyundai Creta 2015,10250
Volkswagen,Tiguan,2019,2019,64811,270000,Manual,Petrol,2500,Third Owner,KA16B1236,Yes,No,Volkswagen Tiguan 2019,13500
Tata,Safari,2010,2010,190646,60000,Manual,Diesel,1400,Third Owner,AP16D3785,Yes,Yes,Tata Safari 2010,3000
Hyundai,i20,2014,2014,74712,135000,Manual,Petrol,1200,Second Owner,TN18C9453,No,Yes,Hyundai i20 2014,6750
Toyota,Urban Cruiser,2019,2019,11780,430000,Automatic,Petrol,2000,Second Owner,TS03D8693,Yes,Yes,Toyota Urban Cruiser 2019,21500
Hyundai,Creta,2011,2011,175623,80000,Manual,Petrol,1400,Third Owner,TN14A5917,No,Yes,Hyundai Creta 2011,4000
Mahindra,XUV500,2022,2022,27750,570000,Manual,Petrol,2000,First Owner,WB13C1845,No,Yes,Mahindra XUV500 2022,28500
Hyundai,Verna,2016,2016,107769,160000,Manual,Diesel,1400,Second Owner,UP19A6448,No,Yes,Hyundai Verna 2016,8000
Maruti,Baleno,2013,2013,74915,85000,Manual,Petrol,1000,Third Owner,KA07C2549,Yes,Yes,Maruti Baleno 2013,4250
Ford,Figo,2023,2023,20791,465000,Manual,Diesel,1500,First Owner,AP01A7356,No,No,Ford Figo 2023,23250
Toyota,Camry,2013,2013,73567,225000,Manual,Diesel,2200,First Owner,HR04B5719,No,Yes,Toyota Camry 2013,11250
Tata,Tiago,2015,2015,139200,135000,Automatic,Diesel,1200,Second Owner,DL02D4631,Yes,No,Tata Tiago 2015,6750
Renault,Lodgy,2021,2021,76641,200000,Manual,Petrol,1200,Second Owner,GJ13C8083,Yes,No,Renault Lodgy 2021,10000
Volkswagen,Tiguan,2020,2020,84738,395000,Manual,Electric,2200,Second Owner,HR14D5531,No,No,Volkswagen Tiguan 2020,19750
Kia,Seltos,2014,2014,187765,180000,Manual,Petrol,2500,Second Owner,DL08D9551,Yes,Yes,Kia Seltos 2014,9000
Maruti,Baleno,2023,2023,21722,285000,Manual,Petrol,800,Second Owner,AP04D6978,No,No,Maruti Baleno 2023,14250
Hyundai,Creta,2019,2019,84311,225000,Manual,Petrol,1500,Second Owner,HR18B3461,No,No,Hyundai Creta 2019,11250
Maruti,Vitara Brezza,2012,2012,98629,65000,Manual,CNG,1200,Second Owner,AP08B8527,Yes,Yes,Maruti Vitara Brezza 2012,3250
Mahindra,Marazzo,2020,2020,57303,365000,Manual,Petrol,1800,Second Owner,PB18C5082,Yes,Yes,Mahindra Marazzo 2020,18250
Toyota,Camry,2010,2010,66441,130000,Manual,Petrol,2200,Second Owner,UP05C7279,Yes,Yes,Toyota Camry 2010,6500
Toyota,Glanza,2010,2010,125565,120000,Manual,Petrol,2500,Second Owner,GJ02A3159,No,Yes,Toyota Glanza 2010,6000
Kia,Sonet,2015,2015,157068,230000,Manual,Petrol,2500,Second Owner,RJ19A1697,Yes,Yes,Kia Sonet 2015,11500
Renault,Triber,2019,2019,29155,200000,Manual,Diesel,1200,First Owner,UP13D3563,Yes,No,Renault Triber 2019,10000
Kia,Carnival,2013,2013,248994,190000,Manual,Diesel,2000,First Owner,KA17C6997,Yes,No,Kia Carnival 2013,9500
Kia,Sonet,2014,2014,143277,190000,Manual,Petrol,2500,Third Owner,DL18C2651,Yes,No,Kia Sonet 2014,9500
Volkswagen,Passat,2015,2015,88302,220000,Manual,Petrol,2500,Second Owner,WB11C4471,Yes,Yes,Volkswagen Passat 2015,11000
Honda,Civic,2020,2020,53975,345000,Automatic,Petrol,1200,Second Owner,HR19A8999,Yes,No,Honda Civic 2020,17250
Toyota,Urban Cruiser,2015,2015,101238,230000,Manual,Petrol,2200,Third Owner,TS09B1685,Yes,Yes,Toyota Urban Cruiser 2015,11500
Renault,Kwid,2013,2013,93437,70000,Manual,Petrol,1000,Third Owner,HR13B6675,Yes,No,Renault Kwid 2013,3500
Hyundai,Grand i10,2020,2020,56377,285000,Automatic,Petrol,1200,First Owner,RJ11D6591,Yes,No,Hyundai Grand i10 2020,14250
Renault,Kwid,2014,2014,85977,105000,Manual,Electric,800,Second Owner,UP09A8345,No,Yes,Renault Kwid 2014,5250
Mahindra,XUV500,2010,2010,229303,115000,Manual,Diesel,2200,First Owner,TS02A2537,Yes,Yes,Mahindra XUV500 2010,5750
Honda,Civic,2016,2016,82781,185000,Manual,Petrol,1600,Third Owner,KA17D3324,Yes,Yes,Honda Civic 2016,9250
Mahindra,Bolero,2015,2015,96657,215000,Manual,Electric,1800,Third Owner,MH03D8264,Yes,No,Mahindra Bolero 2015,10750
Ford,EcoSport,2020,2020,83348,295000,Manual,Petrol,1500,First Owner,WB09D9676,Yes,No,Ford EcoSport 2020,14750
Renault,Duster,2019,2019,111324,140000,Manual,CNG,1000,Third Owner,MH11D7629,Yes,Yes,Renault Duster 2019,7000
Toyota,Urban Cruiser,2020,2020,76930,535000,Manual,Electric,2000,Second Owner,GJ16A9766,Yes,Yes,Toyota Urban Cruiser 2020,26750
Hyundai,Verna,2021,2021,49934,335000,Manual,Diesel,1500,First Owner,TN02B7788,No,Yes,Hyundai Verna 2021,16750
Mahindra,Scorpio,2015,2015,85437,280000,Automatic,Diesel,2200,Second Owner,RJ02B1587,Yes,Yes,Mahindra Scorpio 2015,14000
Renault,Duster,2023,2023,27418,375000,Manual,Diesel,1000,First Owner,UP16D7416,No,Yes,Renault Duster 2023,18750
Honda,City,2013,2013,122009,145000,Manual,Petrol,1500,First Owner,UP01D4830,Yes,No,Honda City 2013,7250
Volkswagen,Tiguan,2015,2015,95263,180000,Manual,Diesel,1800,Third Owner,WB17C1392,No,No,Volkswagen Tiguan 2015,9000
Maruti,Dzire,2020,2020,21642,265000,Automatic,Diesel,1000,First Owner,PB17A1423,No,No,Maruti Dzire 2020,13250
Volkswagen,Tiguan,2023,2023,27152,760000,Automatic,Electric,1800,First Owner,UP19C8155,Yes,No,Volkswagen Tiguan 2023,38000
Renault,Kwid,2023,2023,21786,340000,Automatic,Petrol,800,First Owner,UP04C9259,No,No,Renault Kwid 2023,17000
Mahindra,XUV500,2017,2017,116251,255000,Manual,Petrol,2000,Third Owner,AP05D8851,Yes,Yes,Mahindra XUV500 2017,12750
Tata,Harrier,2010,2010,112224,75000,Automatic,Petrol,1500,Second Owner,KA06D4740,Yes,No,Tata Harrier 2010,3750
Tata,Tigor,2021,2021,81855,255000,Manual,Diesel,1400,Third Owner,RJ06B3261,Yes,Yes,Tata Tigor 2021,12750
Kia,Carnival,2017,2017,82110,270000,Manual,Petrol,1800,First Owner,KA16A6808,Yes,Yes,Kia Carnival 2017,13500
Renault,Triber,2013,2013,125397,75000,Manual,Petrol,800,Second Owner,TS09A6463,Yes,No,Renault Triber 2013,3750
Honda,Jazz,2016,2016,92656,300000,Automatic,Electric,1600,First Owner,DL08D9210,Yes,No,Honda Jazz 2016,15000
Maruti,Vitara Brezza,2019,2019,72402,175000,Manual,Diesel,1000,Second Owner,TN18A2774,Yes,No,Maruti Vitara Brezza 2019,8750
Kia,Carnival,2018,2018,90932,300000,Manual,CNG,1800,Second Owner,MH19B8544,Yes,Yes,Kia Carnival 2018,15000
Toyota,Fortuner,2022,2022,32976,850000,Automatic,Diesel,2500,First Owner,PB01C8980,Yes,No,Toyota Fortuner 2022,42500
Volkswagen,Tiguan,2017,2017,129158,290000,Automatic,Petrol,2000,First Owner,UP06B4259,Yes,Yes,Volkswagen Tiguan 2017,14500
Volkswagen,Tiguan,2016,2016,127822,190000,Manual,Petrol,2000,Second Owner,RJ07B7583,Yes,No,Volkswagen Tiguan 2016,9500
Maruti,Swift,2013,2013,144347,95000,Manual,Petrol,1000,First Owner,PB17A2829,No,Yes,Maruti Swift 2013,4750
Renault,Captur,2015,2015,193345,110000,Automatic,Petrol,800,Third Owner,KA11A8939,Yes,Yes,Renault Captur 2015,5500
Kia,Carnival,2011,2011,118842,150000,Manual,CNG,1800,First Owner,HR05C7789,Yes,No,Kia Carnival 2011,7500
Tata,Nexon,2022,2022,37766,345000,Manual,Diesel,1200,First Owner,KA03B2439,No,Yes,Tata Nexon 2022,17250
Toyota,Urban Cruiser,2020,2020,24153,620000,Manual,Electric,2500,First Owner,MH11D7652,No,No,Toyota Urban Cruiser 2020,31000
Volkswagen,Passat,2019,2019,111816,330000,Manual,Petrol,2500,Second Owner,KA02C2708,Yes,Yes,Volkswagen Passat 2019,16500
Ford,Endeavour,2014,2014,107084,145000,Manual,Electric,1400,Third Owner,HR16D6867,No,Yes,Ford Endeavour 2014,7250
Tata,Tigor,2020,2020,69169,315000,Manual,Electric,1500,First Owner,DL19A4802,Yes,No,Tata Tigor 2020,15750
Tata,Punch,2022,2022,37918,385000,Automatic,Petrol,1600,First Owner,RJ19C6442,Yes,Yes,Tata Punch 2022,19250
Ford,Figo,2015,2015,169702,165000,Manual,Diesel,1400,Second Owner,WB02A4735,No,Yes,Ford Figo 2015,8250
Honda,Jazz,2011,2011,223940,100000,Manual,Petrol,1500,Second Owner,AP01C6668,Yes,No,Honda Jazz 2011,5000
Volkswagen,Tiguan,2010,2010,206437,115000,Manual,Diesel,2500,Second Owner,TN06C4426,Yes,No,Volkswagen Tiguan 2010,5750
Hyundai,Venue,2022,2022,29089,435000,Automatic,Diesel,1400,First Owner,MH13D3555,No,Yes,Hyundai Venue 2022,21750
Renault,Triber,2015,2015,99400,115000,Manual,Petrol,800,First Owner,KA19A1182,Yes,Yes,Renault Triber 2015,5750
Renault,Captur,2013,2013,94853,85000,Manual,Diesel,1000,Second Owner,TN13C6590,No,Yes,Renault Captur 2013,4250
Hyundai,Grand i10,2017,2017,79990,175000,Manual,Petrol,1600,First Owner,HR18D7352,Yes,No,Hyundai Grand i10 2017,8750
Toyota,Urban Cruiser,2018,2018,80003,395000,Automatic,Petrol,1800,Second Owner,KA13C3224,Yes,No,Toyota Urban Cruiser 2018,19750
Maruti,Alto,2016,2016,19531,185000,Automatic,Diesel,1200,First Owner,AP11A4607,No,No,Maruti Alto 2016,9250
Volkswagen,Polo,2013,2013,179576,135000,Manual,Petrol,2000,Second Owner,UP03C2519,Yes,Yes,Volkswagen Polo 2013,6750
Ford,EcoSport,2022,2022,49221,465000,Automatic,Petrol,1500,First Owner,TS01D2772,Yes,Yes,Ford EcoSport 2022,23250
Hyundai,Creta,2021,2021,52328,365000,Automatic,Petrol,1200,First Owner,UP17B2673,Yes,Yes,Hyundai Creta 2021,18250
Toyota,Corolla,2017,2017,116170,320000,Manual,Petrol,2000,Second Owner,DL12B5979,Yes,Yes,Toyota Corolla 2017,16000
Kia,Sonet,2010,2010,239599,95000,Manual,Petrol,2200,Third Owner,TS10C3222,No,Yes,Kia Sonet 2010,4750
Toyota,Innova,2010,2010,132859,135000,Manual,Petrol,1800,Second Owner,TN13C8395,No,Yes,Toyota Innova 2010,6750
Maruti,Ertiga,2018,2018,54506,160000,Manual,Petrol,1200,First Owner,MH02D4276,No,Yes,Maruti Ertiga 2018,8000
Kia,Seltos,2016,2016,127593,255000,Automatic,Petrol,2500,Third Owner,GJ10A1025,No,Yes,Kia Seltos 2016,12750
Toyota,Urban Cruiser,2021,2021,68553,570000,Automatic,Petrol,2200,First Owner,UP14B8763,Yes,Yes,Toyota Urban Cruiser 2021,28500
Hyundai,Santro,2020,2020,52282,345000,Automatic,Petrol,1400,First Owner,TS18B2932,Yes,Yes,Hyundai Santro 2020,17250
Renault,Captur,2022,2022,33791,275000,Manual,Diesel,1000,First Owner,RJ12C9548,Yes,Yes,Renault Captur 2022,13750
Mahindra,Scorpio,2019,2019,58846,365000,Automatic,Diesel,1800,Third Owner,GJ08A3409,Yes,No,Mahindra Scorpio 2019,18250
Maruti,Wagon R,2016,2016,130329,155000,Automatic,Diesel,800,Second Owner,WB10C9148,Yes,Yes,Maruti Wagon R 2016,7750
Renault,Triber,2015,2015,102200,110000,Automatic,Petrol,1200,Third Owner,TS02C3176,Yes,No,Renault Triber 2015,5500
Tata,Safari,2014,2014,54880,120000,Manual,Petrol,1200,Second Owner,PB18D4008,Yes,Yes,Tata Safari 2014,6000
Tata,Punch,2019,2019,86979,195000,Manual,Petrol,1200,Second Owner,UP04A8423,Yes,Yes,Tata Punch 2019,9750
Kia,Carnival,2012,2012,139113,160000,Automatic,CNG,2200,Second Owner,TN10D2422,Yes,Yes,Kia Carnival 2012,8000
Honda,Accord,2023,2023,4161,550000,Automatic,Petrol,1600,First Owner,RJ10D1289,No,Yes,Honda Accord 2023,27500
Ford,Freestyle,2014,2014,162895,125000,Manual,Petrol,1200,Second Owner,AP10D7534,Yes,Yes,Ford Freestyle 2014,6250
Honda,CR-V,2013,2013,206536,130000,Manual,Diesel,1200,Third Owner,AP16C1205,Yes,Yes,Honda CR-V 2013,6500
Tata,Punch,2017,2017,111968,180000,Automatic,Petrol,1600,Second Owner,HR02C9712,Yes,No,Tata Punch 2017,9000
Maruti,Baleno,2013,2013,101274,90000,Manual,Diesel,800,Second Owner,TN17A8361,Yes,No,Maruti Baleno 2013,4500
Maruti,Ertiga,2016,2016,100283,115000,Manual,Petrol,800,Second Owner,TN03A8742,No,No,Maruti Ertiga 2016,5750
Maruti,Swift,2012,2012,206218,85000,Manual,Diesel,1000,First Owner,HR01B5769,Yes,Yes,Maruti Swift 2012,4250
Honda,CR-V,2018,2018,157752,225000,Manual,Diesel,1200,Second Owner,KA19D4663,Yes,No,Honda CR-V 2018,11250
Tata,Safari,2016,2016,140024,140000,Automatic,Petrol,1200,Second Owner,KA18D5690,Yes,Yes,Tata Safari 2016,7000
Maruti,Swift,2021,2021,26451,275000,Manual,Electric,1200,First Owner,WB14A7261,Yes,Yes,Maruti Swift 2021,13750
Volkswagen,Tiguan,2015,2015,101893,195000,Manual,Electric,2200,Third Owner,GJ15C7358,Yes,No,Volkswagen Tiguan 2015,9750
Renault,Duster,2019,2019,81506,220000,Automatic,Petrol,1000,First Owner,AP18B4802,Yes,Yes,Renault Duster 2019,11000
Hyundai,i20,2012,2012,103043,100000,Manual,Petrol,1400,Second Owner,PB15B7163,Yes,Yes,Hyundai i20 2012,5000
Tata,Harrier,2011,2011,239703,85000,Manual,Diesel,1600,Second Owner,MH04A3642,Yes,Yes,Tata Harrier 2011,4250
Mahindra,Thar,2014,2014,142558,170000,Manual,Petrol,2000,Second Owner,TN07A8304,Yes,No,Mahindra Thar 2014,8500
Kia,Sonet,2015,2015,84719,230000,Manual,Diesel,2200,Third Owner,TN09C9089,No,Yes,Kia Sonet 2015,11500
Volkswagen,Vento,2011,2011,141150,105000,Manual,Petrol,1800,Third Owner,DL14A3346,Yes,Yes,Volkswagen Vento 2011,5250
Honda,CR-V,2019,2019,118465,360000,Automatic,Diesel,1400,Second Owner,KA04C2993,Yes,Yes,Honda CR-V 2019,18000
Renault,Triber,2023,2023,28420,365000,Automatic,Petrol,1000,First Owner,DL05A2873,No,Yes,Renault Triber 2023,18250
Mahindra,Scorpio,2017,2017,155927,300000,Automatic,Petrol,1800,Second Owner,PB13D9326,Yes,Yes,Mahindra Scorpio 2017,15000
Maruti,Ertiga,2012,2012,241868,80000,Automatic,Petrol,800,Second Owner,DL10D3068,No,No,Maruti Ertiga 2012,4000
Honda,Jazz,2013,2013,90039,150000,Manual,Diesel,1600,Second Owner,HR13C3591,No,No,Honda Jazz 2013,7500
Maruti,Alto,2019,2019,62227,200000,Automatic,Petrol,1200,Second Owner,AP10C7219,No,No,Maruti Alto 2019,10000
Mahindra,XUV500,2022,2022,2811,625000,Automatic,Petrol,2500,First Owner,DL08A5545,Yes,No,Mahindra XUV500 2022,31250
Mahindra,XUV500,2023,2023,23876,635000,Manual,Diesel,2000,First Owner,HR11B3294,Yes,Yes,Mahindra XUV500 2023,31750
Renault,Triber,2022,2022,51461,265000,Manual,Diesel,800,First Owner,DL18B6618,Yes,Yes,Renault Triber 2022,13250
Maruti,Vitara Brezza,2022,2022,23215,285000,Manual,Petrol,1000,First Owner,KA07B1816,No,No,Maruti Vitara Brezza 2022,14250
Volkswagen,Tiguan,2022,2022,46131,535000,Automatic,Petrol,2200,First Owner,WB09D4904,Yes,No,Volkswagen Tiguan 2022,26750
Honda,CR-V,2018,2018,128846,260000,Automatic,CNG,1500,First Owner,AP14B3104,No,No,Honda CR-V 2018,13000
Renault,Captur,2018,2018,104900,165000,Automatic,Petrol,800,Second Owner,TS15D7079,No,Yes,Renault Captur 2018,8250
Honda,CR-V,2023,2023,18082,490000,Manual,Petrol,1400,First Owner,PB11B1670,No,No,Honda CR-V 2023,24500
Volkswagen,Passat,2017,2017,130887,290000,Automatic,Diesel,2500,Second Owner,DL03A6330,Yes,No,Volkswagen Passat 2017,14500
Volkswagen,Tiguan,2021,2021,28653,530000,Automatic,Diesel,2500,Second Owner,TN10A6876,Yes,Yes,Volkswagen Tiguan 2021,26500
Mahindra,Thar,2018,2018,59336,415000,Automatic,Diesel,2000,Second Owner,DL02B7539,Yes,Yes,Mahindra Thar 2018,20750
Maruti,Dzire,2015,2015,210182,100000,Manual,Petrol,1200,Second Owner,WB14A1922,Yes,Yes,Maruti Dzire 2015,5000
Tata,Punch,2016,2016,80994,140000,Manual,Petrol,1600,Second Owner,AP03C3875,Yes,No,Tata Punch 2016,7000
Renault,Triber,2017,2017,116002,170000,Automatic,Diesel,800,Second Owner,TS06D9490,No,No,Renault Triber 2017,8500
Honda,Civic,2020,2020,38445,410000,Automatic,CNG,1600,First Owner,WB16A3850,Yes,Yes,Honda Civic 2020,20500
Maruti,Baleno,2016,2016,127380,140000,Automatic,Petrol,1200,Second Owner,KA04A6660,No,Yes,Maruti Baleno 2016,7000
Volkswagen,Passat,2012,2012,144442,140000,Manual,Diesel,2000,Second Owner,KA12B6232,Yes,No,Volkswagen Passat 2012,7000
Hyundai,Creta,2016,2016,118535,205000,Automatic,Diesel,1500,Second Owner,HR19A7982,Yes,Yes,Hyundai Creta 2016,10250
Mahindra,Scorpio,2010,2010,161603,125000,Manual,Petrol,2500,First Owner,WB08B5627,No,Yes,Mahindra Scorpio 2010,6250
Hyundai,Venue,2010,2010,202157,75000,Manual,Petrol,1400,Second Owner,TN08A8129,Yes,No,Hyundai Venue 2010,3750
Ford,Freestyle,2020,2020,57730,410000,Automatic,Electric,1200,First Owner,KA05B1464,Yes,No,Ford Freestyle 2020,20500
Toyota,Corolla,2023,2023,18886,765000,Manual,Diesel,2200,First Owner,KA14C7065,Yes,Yes,Toyota Corolla 2023,38250
Hyundai,Santro,2017,2017,39215,195000,Manual,Diesel,1600,Second Owner,RJ10C8587,Yes,Yes,Hyundai Santro 2017,9750
Mahindra,XUV300,2011,2011,215445,110000,Manual,Petrol,2200,Third Owner,PB14D8357,Yes,Yes,Mahindra XUV300 2011,5500
Renault,Triber,2021,2021,37591,280000,Manual,Electric,800,First Owner,GJ10A7327,Yes,Yes,Renault Triber 2021,14000
Hyundai,Creta,2021,2021,57556,290000,Manual,Petrol,1500,Second Owner,UP08D8124,Yes,No,Hyundai Creta 2021,14500
Mahindra,Thar,2021,2021,61390,515000,Manual,Diesel,2000,First Owner,RJ13A3032,Yes,Yes,Mahindra Thar 2021,25750
Kia,Sonet,2015,2015,124241,250000,Automatic,Petrol,1800,First Owner,RJ03D2666,Yes,No,Kia Sonet 2015,12500
Mahindra,Marazzo,2018,2018,68600,285000,Manual,Petrol,2000,Second Owner,AP09C5820,No,Yes,Mahindra Marazzo 2018,14250
Kia,Sonet,2010,2010,264685,120000,Manual,Diesel,2000,First Owner,RJ08B6850,Yes,Yes,Kia Sonet 2010,6000
Kia,Carnival,2020,2020,79837,380000,Manual,Petrol,2200,Second Owner,GJ13D1497,Yes,No,Kia Carnival 2020,19000
Toyota,Corolla,2014,2014,135745,175000,Manual,CNG,2200,Second Owner,AP01A3696,No,Yes,Toyota Corolla 2014,8750
Hyundai,i20,2021,2021,40530,345000,Manual,Electric,1200,Second Owner,PB08B8850,Yes,Yes,Hyundai i20 2021,17250
Toyota,Camry,2017,2017,93725,315000,Manual,Diesel,2000,Second Owner,RJ09A5322,Yes,Yes,Toyota Camry 2017,15750
Hyundai,Elantra,2017,2017,93354,190000,Automatic,Petrol,1200,Second Owner,TS05C8411,No,Yes,Hyundai Elantra 2017,9500
Kia,Seltos,2013,2013,176321,220000,Manual,Electric,2500,Second Owner,KA14D5891,Yes,Yes,Kia Seltos 2013,11000
Renault,Duster,2013,2013,118875,110000,Manual,Diesel,1200,First Owner,UP02C2273,Yes,Yes,Renault Duster 2013,5500
Tata,Altroz,2012,2012,115393,85000,Automatic,Petrol,1400,Third Owner,TN16C7511,Yes,Yes,Tata Altroz 2012,4250
Kia,Seltos,2018,2018,91617,390000,Automatic,Diesel,1800,First Owner,HR14D1974,Yes,Yes,Kia Seltos 2018,19500
Toyota,Corolla,2010,2010,181302,125000,Manual,Diesel,1800,Second Owner,KA08B5440,No,Yes,Toyota Corolla 2010,6250
Toyota,Fortuner,2022,2022,30289,655000,Automatic,Petrol,2200,First Owner,MH01D3866,Yes,Yes,Toyota Fortuner 2022,32750
Kia,Seltos,2020,2020,75804,585000,Automatic,Electric,1800,First Owner,HR15B7686,Yes,No,Kia Seltos 2020,29250
Renault,Lodgy,2010,2010,201425,70000,Automatic,Diesel,1000,First Owner,KA13D7845,No,Yes,Renault Lodgy 2010,3500
Maruti,Dzire,2010,2010,220628,45000,Manual,Petrol,1200,Third Owner,TS13A3462,Yes,No,Maruti Dzire 2010,2250
Mahindra,Scorpio,2010,2010,283044,100000,Manual,Petrol,2200,First Owner,MH18D7928,No,No,Mahindra Scorpio 2010,5000
Ford,Aspire,2020,2020,60625,310000,Manual,Diesel,1500,First Owner,WB08D7524,Yes,Yes,Ford Aspire 2020,15500
Tata,Tiago,2015,2015,172726,125000,Manual,Petrol,1600,Second Owner,WB16B5524,Yes,Yes,Tata Tiago 2015,6250
Honda,CR-V,2017,2017,152249,215000,Manual,Diesel,1200,First Owner,WB19C2001,Yes,Yes,Honda CR-V 2017,10750
Mahindra,Scorpio,2011,2011,136040,120000,Manual,CNG,2500,Second Owner,TS14D4075,No,Yes,Mahindra Scorpio 2011,6000
Renault,Duster,2018,2018,94019,180000,Manual,Diesel,1200,Second Owner,TN04A1808,Yes,No,Renault Duster 2018,9000
Honda,CR-V,2010,2010,258428,80000,Manual,Diesel,1500,Third Owner,WB14A2814,Yes,No,Honda CR-V 2010,4000
Tata,Punch,2023,2023,22064,415000,Manual,Diesel,1600,First Owner,UP14B7782,Yes,No,Tata Punch 2023,20750
Hyundai,Grand i10,2012,2012,186530,95000,Automatic,Petrol,1400,Second Owner,MH12A7197,Yes,Yes,Hyundai Grand i10 2012,4750
Honda,Civic,2020,2020,56507,325000,Manual,Petrol,1600,Second Owner,WB13D6877,Yes,Yes,Honda Civic 2020,16250
Renault,Captur,2021,2021,27864,220000,Manual,Petrol,1200,Second Owner,AP16D3843,Yes,No,Renault Captur 2021,11000
Ford,Figo,2016,2016,104318,205000,Automatic,Petrol,1200,Second Owner,TN19A5713,Yes,Yes,Ford Figo 2016,10250
Tata,Nexon,2015,2015,69532,175000,Automatic,Petrol,1600,First Owner,KA02A2909,Yes,No,Tata Nexon 2015,8750
Tata,Nexon,2016,2016,114977,160000,Automatic,Diesel,1600,Second Owner,TN18B7781,Yes,Yes,Tata Nexon 2016,8000
Hyundai,Venue,2019,2019,63136,290000,Automatic,Diesel,1600,Second Owner,UP19C1287,Yes,Yes,Hyundai Venue 2019,14500
Renault,Kwid,2023,2023,21634,315000,Manual,Petrol,800,First Owner,MH12C8392,Yes,Yes,Renault Kwid 2023,15750
Toyota,Fortuner,2016,2016,127127,315000,Manual,Petrol,2500,First Owner,PB13C1011,Yes,No,Toyota Fortuner 2016,15750
Maruti,Alto,2021,2021,58661,240000,Manual,Diesel,800,First Owner,AP16A8701,Yes,No,Maruti Alto 2021,12000
Hyundai,Grand i10,2018,2018,80814,210000,Manual,Diesel,1600,Second Owner,TN07D5673,Yes,Yes,Hyundai Grand i10 2018,10500
Hyundai,Elantra,2018,2018,93861,180000,Manual,Petrol,1200,Second Owner,AP18D4981,No,No,Hyundai Elantra 2018,9000
Mahindra,XUV300,2022,2022,29458,645000,Automatic,Diesel,2500,First Owner,TN18B9386,Yes,No,Mahindra XUV300 2022,32250
Toyota,Urban Cruiser,2014,2014,194028,210000,Manual,Diesel,2200,Third Owner,GJ14A4629,Yes,Yes,Toyota Urban Cruiser 2014,10500
Hyundai,Venue,2022,2022,43373,445000,Automatic,Petrol,1600,First Owner,KA17D6229,Yes,Yes,Hyundai Venue 2022,22250
Tata,Harrier,2014,2014,94235,105000,Manual,Diesel,1200,Third Owner,PB08C9832,Yes,Yes,Tata Harrier 2014,5250
Mahindra,Thar,2022,2022,39802,560000,Manual,Petrol,2200,First Owner,TN06D3076,Yes,Yes,Mahindra Thar 2022,28000
Toyota,Glanza,2021,2021,70919,480000,Automatic,Petrol,1800,Third Owner,PB13C9844,Yes,No,Toyota Glanza 2021,24000
Toyota,Camry,2015,2015,86817,260000,Automatic,Petrol,2500,Second Owner,PB13D5232,Yes,Yes,Toyota Camry 2015,13000
Ford,Aspire,2019,2019,80226,300000,Manual,Diesel,1400,First Owner,TS17B2243,No,No,Ford Aspire 2019,15000
Mahindra,Thar,2016,2016,58085,270000,Automatic,Petrol,2000,Third Owner,AP14A1599,No,No,Mahindra Thar 2016,13500
Mahindra,XUV500,2013,2013,105836,155000,Manual,Petrol,1800,Second Owner,UP13C4569,Yes,No,Mahindra XUV500 2013,7750
Mahindra,Bolero,2012,2012,152330,145000,Manual,Petrol,2200,Second Owner,RJ19B1506,Yes,Yes,Mahindra Bolero 2012,7250
Mahindra,XUV500,2019,2019,58464,310000,Manual,Petrol,1800,Second Owner,MH06C9864,Yes,Yes,Mahindra XUV500 2019,15500
Maruti,Baleno,2020,2020,43613,210000,Manual,CNG,1200,Second Owner,RJ19D9947,Yes,Yes,Maruti Baleno 2020,10500
Hyundai,Verna,2021,2021,55609,365000,Manual,Diesel,1500,First Owner,HR16C4715,Yes,Yes,Hyundai Verna 2021,18250
Tata,Altroz,2019,2019,76197,285000,Manual,Electric,1200,First Owner,TS06D3645,Yes,Yes,Tata Altroz 2019,14250
Volkswagen,Vento,2010,2010,201475,115000,Manual,Electric,2000,First Owner,GJ01C2725,Yes,No,Volkswagen Vento 2010,5750
Mahindra,Scorpio,2012,2012,139996,165000,Manual,Petrol,2000,First Owner,HR11D7748,Yes,Yes,Mahindra Scorpio 2012,8250
Kia,Seltos,2016,2016,61956,320000,Automatic,Petrol,2500,Second Owner,KA17A5524,No,No,Kia Seltos 2016,16000
Toyota,Glanza,2019,2019,23470,435000,Manual,Petrol,2200,First Owner,WB15C6515,Yes,Yes,Toyota Glanza 2019,21750
Renault,Duster,2013,2013,132828,100000,Manual,Diesel,1200,Second Owner,UP14A2016,No,No,Renault Duster 2013,5000
Mahindra,XUV500,2014,2014,42879,200000,Manual,Petrol,2500,First Owner,WB17D2689,No,No,Mahindra XUV500 2014,10000
Ford,Aspire,2015,2015,133421,175000,Automatic,Petrol,1400,Second Owner,PB19D5206,Yes,No,Ford Aspire 2015,8750
Tata,Tigor,2018,2018,130170,190000,Manual,Petrol,1600,First Owner,TN18C3897,Yes,Yes,Tata Tigor 2018,9500
Hyundai,Elantra,2018,2018,113849,170000,Manual,CNG,1500,Second Owner,WB09A5658,No,No,Hyundai Elantra 2018,8500
Honda,Amaze,2021,2021,47130,425000,Manual,Diesel,1500,First Owner,DL05B6730,Yes,Yes,Honda Amaze 2021,21250
Ford,Endeavour,2015,2015,123878,155000,Manual,Petrol,1500,First Owner,GJ08A7040,Yes,Yes,Ford Endeavour 2015,7750
Ford,Aspire,2020,2020,18109,280000,Manual,Petrol,1500,Second Owner,GJ13D6585,Yes,No,Ford Aspire 2020,14000
Ford,Figo,2013,2013,100093,110000,Manual,Diesel,1200,Third Owner,DL05B7772,Yes,No,Ford Figo 2013,5500
Kia,Sonet,2018,2018,32316,350000,Manual,Petrol,2000,First Owner,KA03A6650,Yes,Yes,Kia Sonet 2018,17500
Honda,CR-V,2010,2010,199116,80000,Manual,Diesel,1200,Third Owner,UP16B6618,Yes,Yes,Honda CR-V 2010,4000
Renault,Duster,2011,2011,273816,65000,Manual,Diesel,800,First Owner,GJ10B7899,Yes,Yes,Renault Duster 2011,3250
Tata,Punch,2017,2017,133208,170000,Manual,Petrol,1600,Second Owner,AP05D7222,Yes,No,Tata Punch 2017,8500
Kia,Seltos,2019,2019,60880,380000,Manual,Petrol,2200,Second Owner,AP11C8465,No,Yes,Kia Seltos 2019,19000
Kia,Seltos,2013,2013,241258,180000,Manual,Electric,2500,Second Owner,GJ14B1178,No,Yes,Kia Seltos 2013,9000
Tata,Safari,2016,2016,117643,135000,Manual,Diesel,1200,Third Owner,KA03B3933,Yes,No,Tata Safari 2016,6750
Honda,CR-V,2023,2023,25254,520000,Automatic,Petrol,1600,First Owner,DL19B6731,Yes,Yes,Honda CR-V 2023,26000
Mahindra,Thar,2017,2017,98019,305000,Automatic,Petrol,2200,Third Owner,PB10B7691,Yes,No,Mahindra Thar 2017,15250
Volkswagen,Tiguan,2010,2010,115209,95000,Manual,Petrol,2200,Third Owner,TS14C8769,Yes,No,Volkswagen Tiguan 2010,4750
Renault,Triber,2013,2013,185951,85000,Manual,Diesel,1200,Third Owner,RJ04C1378,Yes,Yes,Renault Triber 2013,4250
Maruti,Wagon R,2015,2015,146457,120000,Manual,Diesel,800,Second Owner,DL03D2412,No,No,Maruti Wagon R 2015,6000
Honda,WR-V,2023,2023,39032,470000,Manual,Petrol,1500,First Owner,MH18B5813,Yes,Yes,Honda WR-V 2023,23500
Hyundai,Verna,2016,2016,70827,165000,Automatic,Petrol,1500,Third Owner,TN17A9737,Yes,Yes,Hyundai Verna 2016,8250
Hyundai,Grand i10,2015,2015,99362,120000,Manual,Petrol,1600,Third Owner,TS02A5435,Yes,No,Hyundai Grand i10 2015,6000
Hyundai,Grand i10,2010,2010,151379,80000,Manual,Diesel,1500,Second Owner,TS17C7468,Yes,Yes,Hyundai Grand i10 2010,4000
Toyota,Innova,2014,2014,177024,205000,Manual,Petrol,2000,First Owner,DL18C8104,Yes,No,Toyota Innova 2014,10250
Hyundai,Creta,2020,2020,82325,245000,Manual,Petrol,1400,Third Owner,MH18B5567,Yes,Yes,Hyundai Creta 2020,12250
Maruti,Vitara Brezza,2020,2020,72279,285000,Automatic,Diesel,1200,First Owner,MH04C3118,Yes,No,Maruti Vitara Brezza 2020,14250
Mahindra,Scorpio,2010,2010,170166,115000,Manual,Diesel,2000,Second Owner,PB15D8465,Yes,No,Mahindra Scorpio 2010,5750
Renault,Triber,2015,2015,119041,110000,Manual,Diesel,1200,Second Owner,KA11D3173,Yes,Yes,Renault Triber 2015,5500
Hyundai,Elantra,2019,2019,41116,225000,Automatic,CNG,1200,Second Owner,GJ19A9107,Yes,No,Hyundai Elantra 2019,11250
Toyota,Camry,2015,2015,141384,250000,Manual,Petrol,2500,Second Owner,WB01D1585,Yes,Yes,Toyota Camry 2015,12500
Ford,Endeavour,2014,2014,83212,180000,Automatic,Diesel,1400,Second Owner,KA02B9316,Yes,No,Ford Endeavour 2014,9000
Volkswagen,Passat,2010,2010,183826,100000,Manual,Petrol,2000,First Owner,GJ13C4918,No,Yes,Volkswagen Passat 2010,5000
Ford,Aspire,2018,2018,94359,305000,Manual,Electric,1400,First Owner,HR03C3460,Yes,No,Ford Aspire 2018,15250
Honda,Amaze,2011,2011,277250,90000,Manual,Petrol,1400,Second Owner,TN17A5078,Yes,No,Honda Amaze 2011,4500
Volkswagen,Passat,2023,2023,22769,635000,Manual,Diesel,2000,First Owner,MH07A4672,Yes,Yes,Volkswagen Passat 2023,31750
Maruti,Wagon R,2019,2019,58628,185000,Manual,Petrol,800,First Owner,RJ01A5823,No,Yes,Maruti Wagon R 2019,9250
Renault,Kwid,2013,2013,167605,80000,Manual,Petrol,1200,Third Owner,HR16D3148,Yes,Yes,Renault Kwid 2013,4000
Tata,Altroz,2020,2020,79909,260000,Manual,Petrol,1500,First Owner,WB05C5626,Yes,Yes,Tata Altroz 2020,13000
Maruti,Alto,2014,2014,54740,95000,Manual,Diesel,800,Third Owner,HR03D6427,No,No,Maruti Alto 2014,4750
Tata,Tiago,2015,2015,97104,125000,Manual,Petrol,1400,Second Owner,GJ06D5243,Yes,No,Tata Tiago 2015,6250
Kia,Sonet,2016,2016,91092,300000,Manual,Electric,2500,Third Owner,PB02B6680,No,Yes,Kia Sonet 2016,15000
Renault,Duster,2021,2021,42115,250000,Manual,Petrol,1000,First Owner,DL16D7273,Yes,No,Renault Duster 2021,12500
Renault,Duster,2013,2013,57527,90000,Manual,Petrol,800,First Owner,MH12D6365,Yes,Yes,Renault Duster 2013,4500
Honda,CR-V,2013,2013,171947,125000,Manual,Diesel,1500,Third Owner,AP05A4342,Yes,Yes,Honda CR-V 2013,6250
Renault,Lodgy,2018,2018,116203,160000,Manual,Electric,800,Second Owner,WB06D4309,Yes,No,Renault Lodgy 2018,8000
Honda,CR-V,2012,2012,119722,115000,Manual,Petrol,1400,Second Owner,TN18A1018,No,No,Honda CR-V 2012,5750
Renault,Lodgy,2012,2012,132591,80000,Manual,Petrol,800,First Owner,TN10A6127,No,Yes,Renault Lodgy 2012,4000
Mahindra,Scorpio,2014,2014,118005,210000,Automatic,CNG,2000,Second Owner,DL06B2269,No,Yes,Mahindra Scorpio 2014,10500
Kia,Sonet,2010,2010,144979,135000,Manual,Electric,2200,Second Owner,AP07D9992,Yes,Yes,Kia Sonet 2010,6750
Kia,Carnival,2019,2019,109953,410000,Automatic,Petrol,2500,Second Owner,UP08B9534,Yes,Yes,Kia Carnival 2019,20500
Toyota,Fortuner,2011,2011,151182,170000,Manual,Diesel,2500,Second Owner,RJ08A2565,Yes,Yes,Toyota Fortuner 2011,8500
Hyundai,Grand i10,2019,2019,83813,235000,Manual,Diesel,1600,Second Owner,KA16A5887,Yes,Yes,Hyundai Grand i10 2019,11750
Toyota,Fortuner,2023,2023,20357,900000,Automatic,Diesel,2200,First Owner,WB02C2131,No,Yes,Toyota Fortuner 2023,45000
Hyundai,Elantra,2014,2014,177326,125000,Manual,Diesel,1600,Third Owner,AP13A3892,Yes,Yes,Hyundai Elantra 2014,6250
Renault,Captur,2012,2012,105577,70000,Manual,Petrol,800,Second Owner,AP16A7380,Yes,No,Renault Captur 2012,3500
Tata,Punch,2014,2014,60963,115000,Manual,Diesel,1200,Third Owner,TS03A1877,Yes,Yes,Tata Punch 2014,5750
Kia,Sonet,2020,2020,58838,395000,Manual,Diesel,1800,Third Owner,KA10C7520,Yes,Yes,Kia Sonet 2020,19750
Mahindra,Thar,2019,2019,108856,305000,Manual,Petrol,1800,Second Owner,UP18C5002,Yes,No,Mahindra Thar 2019,15250
Tata,Tiago,2018,2018,70626,180000,Manual,Petrol,1600,First Owner,HR01C3911,Yes,Yes,Tata Tiago 2018,9000
Honda,CR-V,2019,2019,95499,300000,Automatic,Petrol,1600,Second Owner,MH17D4815,Yes,Yes,Honda CR-V 2019,15000
Renault,Triber,2020,2020,77847,220000,Manual,Diesel,1000,Second Owner,TN16D5573,Yes,No,Renault Triber 2020,11000
Mahindra,Scorpio,2018,2018,103400,425000,Automatic,Diesel,2000,First Owner,WB16A8060,Yes,Yes,Mahindra Scorpio 2018,21250
Hyundai,Santro,2023,2023,39200,390000,Manual,Petrol,1500,First Owner,TN02B7468,Yes,Yes,Hyundai Santro 2023,19500
Ford,Freestyle,2019,2019,113807,305000,Automatic,Diesel,1600,First Owner,DL07B9276,No,Yes,Ford Freestyle 2019,15250
Kia,Seltos,2023,2023,39212,605000,Manual,Petrol,2000,First Owner,RJ01B7364,No,No,Kia Seltos 2023,30250
Mahindra,XUV500,2010,2010,183515,150000,Automatic,Electric,2500,Second Owner,TN06B9347,Yes,Yes,Mahindra XUV500 2010,7500
Volkswagen,Polo,2012,2012,158616,135000,Manual,Diesel,1800,Second Owner,GJ12A5052,Yes,No,Volkswagen Polo 2012,6750
Toyota,Camry,2010,2010,185521,130000,Manual,Diesel,1800,Second Owner,KA17A6585,Yes,Yes,Toyota Camry 2010,6500
Tata,Tiago,2013,2013,264351,75000,Manual,Petrol,1200,Second Owner,HR19D9720,No,No,Tata Tiago 2013,3750
Maruti,Ertiga,2021,2021,40338,245000,Manual,CNG,1200,First Owner,DL13A2545,Yes,Yes,Maruti Ertiga 2021,12250
Mahindra,Scorpio,2023,2023,23514,655000,Manual,Diesel,2200,First Owner,TS02C6027,Yes,Yes,Mahindra Scorpio 2023,32750
Volkswagen,Vento,2017,2017,65757,250000,Automatic,Petrol,2500,Third Owner,MH11B5911,No,Yes,Volkswagen Vento 2017,12500
Renault,Kwid,2010,2010,185564,70000,Manual,Electric,1000,Second Owner,HR15B3064,Yes,No,Renault Kwid 2010,3500
Ford,Figo,2015,2015,133181,165000,Manual,Diesel,1500,First Owner,MH05B7082,No,No,Ford Figo 2015,8250
Maruti,Ertiga,2022,2022,23970,345000,Automatic,Petrol,1200,First Owner,HR09C4557,No,No,Maruti Ertiga 2022,17250
Volkswagen,Polo,2017,2017,74404,235000,Manual,Diesel,2500,Third Owner,PB06A6360,Yes,No,Volkswagen Polo 2017,11750
Tata,Altroz,2013,2013,153751,105000,Manual,Diesel,1400,Second Owner,HR12D2036,Yes,No,Tata Altroz 2013,5250
Renault,Duster,2010,2010,91596,55000,Manual,Petrol,800,Second Owner,GJ10B6235,Yes,Yes,Renault Duster 2010,2750
Ford,Freestyle,2011,2011,143578,90000,Manual,Petrol,1600,Third Owner,PB06A4990,Yes,No,Ford Freestyle 2011,4500
Mahindra,XUV300,2018,2018,68760,370000,Manual,Diesel,2500,First Owner,AP07B6285,Yes,No,Mahindra XUV300 2018,18500
Kia,Carnival,2019,2019,64265,365000,Manual,CNG,2000,Second Owner,UP16C6956,Yes,No,Kia Carnival 2019,18250
Renault,Lodgy,2020,2020,72365,210000,Manual,Petrol,1000,First Owner,TS05C7881,No,Yes,Renault Lodgy 2020,10500
Honda,City,2022,2022,34537,530000,Automatic,Petrol,1500,First Owner,TN11A2893,Yes,No,Honda City 2022,26500
Mahindra,Marazzo,2011,2011,249106,95000,Manual,Petrol,2200,Third Owner,PB06D2986,Yes,Yes,Mahindra Marazzo 2011,4750
Kia,Seltos,2018,2018,41873,390000,Automatic,Petrol,1800,First Owner,AP17C4055,Yes,Yes,Kia Seltos 2018,19500
Toyota,Camry,2019,2019,52812,480000,Manual,Diesel,2500,First Owner,AP03D5958,No,No,Toyota Camry 2019,24000
Hyundai,Santro,2020,2020,52417,360000,Manual,Electric,1500,First Owner,DL07D9677,Yes,No,Hyundai Santro 2020,18000
Renault,Captur,2017,2017,95094,150000,Manual,Diesel,800,Second Owner,HR16D8532,Yes,Yes,Renault Captur 2017,7500
Renault,Lodgy,2015,2015,120862,135000,Automatic,Diesel,1000,Second Owner,PB13B2564,No,No,Renault Lodgy 2015,6750
Ford,Freestyle,2014,2014,149417,125000,Manual,Petrol,1200,Second Owner,AP01C7985,Yes,Yes,Ford Freestyle 2014,6250
Mahindra,Bolero,2019,2019,105800,450000,Automatic,Diesel,2000,Second Owner,TN07D2235,Yes,Yes,Mahindra Bolero 2019,22500
Tata,Tiago,2023,2023,25880,395000,Manual,Petrol,1500,First Owner,HR13A6577,No,Yes,Tata Tiago 2023,19750
Maruti,Wagon R,2015,2015,131468,125000,Manual,Diesel,1000,Second Owner,PB05C3441,Yes,No,Maruti Wagon R 2015,6250
Hyundai,Elantra,2016,2016,118376,155000,Automatic,Petrol,1500,Third Owner,MH09C2667,Yes,No,Hyundai Elantra 2016,7750
Maruti,Baleno,2017,2017,113511,120000,Manual,Petrol,1000,Second Owner,RJ11A6491,No,Yes,Maruti Baleno 2017,6000
Tata,Tiago,2011,2011,237105,75000,Manual,Petrol,1400,First Owner,GJ17D5766,Yes,Yes,Tata Tiago 2011,3750
Hyundai,Verna,2023,2023,37829,460000,Automatic,Petrol,1400,First Owner,KA09C8396,No,Yes,Hyundai Verna 2023,23000
Ford,Endeavour,2012,2012,110763,125000,Automatic,Petrol,1600,Third Owner,UP17A5067,Yes,Yes,Ford Endeavour 2012,6250
Hyundai,Santro,2018,2018,103608,255000,Automatic,Petrol,1200,First Owner,DL12C1719,No,No,Hyundai Santro 2018,12750
Kia,Sonet,2022,2022,46615,860000,Automatic,Electric,2500,First Owner,TN14A2075,No,Yes,Kia Sonet 2022,43000
Mahindra,Bolero,2022,2022,27347,700000,Automatic,Petrol,2500,First Owner,UP02B5675,Yes,Yes,Mahindra Bolero 2022,35000
Ford,EcoSport,2011,2011,174807,95000,Manual,Petrol,1400,Second Owner,HR12B1767,No,Yes,Ford EcoSport 2011,4750
Ford,Aspire,2022,2022,35485,400000,Manual,Diesel,1600,First Owner,HR12A8129,Yes,No,Ford Aspire 2022,20000
Mahindra,Bolero,2020,2020,16419,415000,Manual,Diesel,1800,First Owner,UP19D5376,Yes,Yes,Mahindra Bolero 2020,20750
Honda,Accord,2020,2020,59569,335000,Manual,Petrol,1400,Second Owner,WB09A9146,No,Yes,Honda Accord 2020,16750
Ford,Figo,2021,2021,25314,405000,Automatic,Petrol,1200,First Owner,WB01C6984,Yes,Yes,Ford Figo 2021,20250
Ford,EcoSport,2019,2019,45602,345000,Automatic,Diesel,1400,First Owner,RJ18C6544,Yes,Yes,Ford EcoSport 2019,17250
Kia,Sonet,2023,2023,26268,870000,Automatic,Diesel,2200,First Owner,GJ08B1600,Yes,Yes,Kia Sonet 2023,43500
Volkswagen,Tiguan,2013,2013,177695,180000,Automatic,Petrol,2200,Second Owner,HR06C9895,Yes,Yes,Volkswagen Tiguan 2013,9000
Tata,Safari,2014,2014,152501,120000,Manual,CNG,1600,First Owner,MH05A4170,Yes,No,Tata Safari 2014,6000
Honda,CR-V,2021,2021,33848,410000,Manual,Petrol,1600,First Owner,TS19D8961,No,No,Honda CR-V 2021,20500
Maruti,Vitara Brezza,2012,2012,198332,80000,Manual,Diesel,1000,Second Owner,HR06C4071,Yes,Yes,Maruti Vitara Brezza 2012,4000
Renault,Duster,2013,2013,170259,90000,Manual,Diesel,1000,Third Owner,UP11A9802,Yes,Yes,Renault Duster 2013,4500
Ford,Freestyle,2012,2012,194145,90000,Manual,Petrol,1500,Third Owner,AP06D4457,No,Yes,Ford Freestyle 2012,4500
Honda,City,2010,2010,187489,95000,Manual,Petrol,1600,Second Owner,AP02B5792,No,No,Honda City 2010,4750
Toyota,Corolla,2010,2010,182888,115000,Manual,Petrol,2500,Second Owner,HR07A1727,Yes,Yes,Toyota Corolla 2010,5750
Ford,Figo,2022,2022,30350,420000,Manual,Diesel,1200,First Owner,DL18C4161,Yes,Yes,Ford Figo 2022,21000
Kia,Sonet,2022,2022,32476,555000,Manual,Petrol,1800,First Owner,PB17B5700,Yes,No,Kia Sonet 2022,27750
Hyundai,Elantra,2023,2023,27690,445000,Manual,Electric,1400,First Owner,KA06C8799,Yes,Yes,Hyundai Elantra 2023,22250
Kia,Seltos,2020,2020,39706,395000,Manual,Petrol,1800,Second Owner,KA16D3850,Yes,No,Kia Seltos 2020,19750
Maruti,Swift,2015,2015,182014,115000,Manual,Diesel,1000,Second Owner,TN06C8734,Yes,Yes,Maruti Swift 2015,5750
Kia,Seltos,2023,2023,19060,760000,Automatic,Petrol,2200,Second Owner,HR17B4513,Yes,No,Kia Seltos 2023,38000
Volkswagen,Tiguan,2013,2013,63686,185000,Manual,Petrol,2000,First Owner,TS10B6021,Yes,Yes,Volkswagen Tiguan 2013,9250
Maruti,Ertiga,2013,2013,118061,75000,Manual,Petrol,1200,Third Owner,MH11B4435,Yes,Yes,Maruti Ertiga 2013,3750
Hyundai,Santro,2016,2016,117929,160000,Manual,Petrol,1600,Third Owner,AP18C1561,Yes,Yes,Hyundai Santro 2016,8000
Honda,Civic,2016,2016,85698,200000,Manual,CNG,1400,First Owner,GJ13A9712,Yes,Yes,Honda Civic 2016,10000
Hyundai,i20,2017,2017,79658,185000,Manual,CNG,1500,First Owner,WB04D6356,Yes,No,Hyundai i20 2017,9250
Ford,Endeavour,2023,2023,23388,415000,Manual,Petrol,1400,First Owner,TS02D2070,Yes,No,Ford Endeavour 2023,20750
Hyundai,Verna,2021,2021,43699,315000,Manual,Petrol,1400,Second Owner,HR18B3513,No,No,Hyundai Verna 2021,15750
Toyota,Urban Cruiser,2020,2020,54323,480000,Manual,Petrol,2200,Second Owner,RJ07B3523,Yes,Yes,Toyota Urban Cruiser 2020,24000
Kia,Sonet,2021,2021,60008,615000,Manual,Diesel,2500,First Owner,HR19D7523,Yes,No,Kia Sonet 2021,30750
Ford,Figo,2019,2019,80885,225000,Manual,Petrol,1500,Second Owner,TN14D4110,Yes,Yes,Ford Figo 2019,11250
Tata,Harrier,2012,2012,241404,80000,Automatic,CNG,1500,Second Owner,TS03A9296,Yes,No,Tata Harrier 2012,4000
Mahindra,Thar,2020,2020,72653,550000,Automatic,Diesel,2000,First Owner,HR02D1711,Yes,Yes,Mahindra Thar 2020,27500
Renault,Lodgy,2012,2012,118125,85000,Manual,Petrol,800,First Owner,RJ10B5232,Yes,Yes,Renault Lodgy 2012,4250
Toyota,Corolla,2013,2013,97484,200000,Manual,Diesel,2000,Second Owner,PB16D9998,Yes,No,Toyota Corolla 2013,10000
Mahindra,Bolero,2020,2020,83318,450000,Manual,Diesel,1800,First Owner,UP01D8280,No,Yes,Mahindra Bolero 2020,22500
Kia,Sonet,2017,2017,73161,290000,Manual,Petrol,2500,First Owner,DL09C6002,Yes,Yes,Kia Sonet 2017,14500
Mahindra,XUV300,2016,2016,76288,260000,Manual,Petrol,2500,Second Owner,WB03A6534,Yes,No,Mahindra XUV300 2016,13000
Ford,Freestyle,2020,2020,43162,375000,Manual,Diesel,1600,First Owner,GJ07B5335,Yes,No,Ford Freestyle 2020,18750
Ford,Endeavour,2018,2018,38317,230000,Manual,Petrol,1200,Second Owner,RJ15A2736,Yes,No,Ford Endeavour 2018,11500
Volkswagen,Polo,2016,2016,137008,260000,Manual,Petrol,2500,First Owner,PB19C5070,No,Yes,Volkswagen Polo 2016,13000
Ford,Freestyle,2016,2016,78352,255000,Automatic,Diesel,1200,First Owner,WB16B6501,No,Yes,Ford Freestyle 2016,12750
Maruti,Wagon R,2023,2023,25376,355000,Automatic,Diesel,800,First Owner,TS09D4883,Yes,Yes,Maruti Wagon R 2023,17750
Ford,Figo,2021,2021,64152,450000,Manual,Electric,1500,First Owner,KA02B9183,Yes,Yes,Ford Figo 2021,22500
Renault,Kwid,2023,2023,39962,330000,Manual,Diesel,1200,First Owner,TS05C4385,Yes,Yes,Renault Kwid 2023,16500
Renault,Triber,2013,2013,146028,100000,Automatic,Diesel,1000,Second Owner,PB12B1966,Yes,Yes,Renault Triber 2013,5000
Renault,Kwid,2022,2022,29490,320000,Automatic,Diesel,1000,First Owner,PB10C5607,Yes,Yes,Renault Kwid 2022,16000
Maruti,Baleno,2016,2016,90970,145000,Automatic,Diesel,1000,Third Owner,AP17D5647,Yes,Yes,Maruti Baleno 2016,7250
Honda,Accord,2015,2015,104151,155000,Manual,Petrol,1600,Third Owner,WB13B1877,Yes,Yes,Honda Accord 2015,7750
Tata,Punch,2018,2018,80411,205000,Manual,Petrol,1200,First Owner,PB09D9226,No,No,Tata Punch 2018,10250
Ford,Aspire,2019,2019,107921,320000,Automatic,Petrol,1500,First Owner,PB02A8756,No,No,Ford Aspire 2019,16000
Ford,Freestyle,2014,2014,172567,125000,Manual,Petrol,1600,Third Owner,KA06C4740,Yes,No,Ford Freestyle 2014,6250
Mahindra,XUV500,2018,2018,59605,365000,Automatic,Petrol,2200,Second Owner,PB01A9128,Yes,No,Mahindra XUV500 2018,18250
Maruti,Ertiga,2023,2023,12230,305000,Manual,Diesel,800,First Owner,TS13B5086,Yes,Yes,Maruti Ertiga 2023,15250
Renault,Captur,2010,2010,190887,55000,Manual,Diesel,800,Third Owner,DL02C1597,Yes,No,Renault Captur 2010,2750
Maruti,Vitara Brezza,2019,2019,47832,190000,Manual,Petrol,1000,Second Owner,KA16C7605,Yes,No,Maruti Vitara Brezza 2019,9500
Renault,Kwid,2014,2014,62945,90000,Manual,Petrol,1200,Second Owner,WB06D5311,No,Yes,Renault Kwid 2014,4500
Volkswagen,Polo,2014,2014,98061,175000,Manual,Petrol,1800,Second Owner,TS06B4264,No,Yes,Volkswagen Polo 2014,8750
Kia,Sonet,2016,2016,153330,300000,Automatic,Diesel,2200,Second Owner,RJ09D6406,Yes,Yes,Kia Sonet 2016,15000
Mahindra,Thar,2020,2020,79374,370000,Manual,Petrol,2200,Second Owner,TS15A7214,Yes,Yes,Mahindra Thar 2020,18500
Hyundai,Verna,2011,2011,101822,90000,Manual,Petrol,1400,Second Owner,DL19B4284,No,No,Hyundai Verna 2011,4500
Mahindra,XUV300,2011,2011,134875,130000,Manual,Petrol,2500,First Owner,GJ13D8959,Yes,No,Mahindra XUV300 2011,6500
Mahindra,Marazzo,2010,2010,208996,115000,Manual,Diesel,2200,Second Owner,HR11C7131,No,No,Mahindra Marazzo 2010,5750
Kia,Sonet,2019,2019,97867,425000,Manual,Petrol,2500,First Owner,RJ07C1307,Yes,Yes,Kia Sonet 2019,21250
Maruti,Swift,2013,2013,243468,65000,Manual,Petrol,800,Third Owner,WB10C4238,Yes,Yes,Maruti Swift 2013,3250
Ford,Freestyle,2010,2010,265815,80000,Manual,Electric,1600,Third Owner,TN18C2667,Yes,No,Ford Freestyle 2010,4000
Renault,Duster,2010,2010,226997,55000,Automatic,Petrol,1200,Third Owner,AP09D2646,No,Yes,Renault Duster 2010,2750
Mahindra,XUV500,2016,2016,151199,285000,Automatic,Petrol,2200,First Owner,DL19D5677,Yes,No,Mahindra XUV500 2016,14250
Kia,Sonet,2013,2013,163356,165000,Manual,Diesel,2000,Third Owner,TS12D1818,Yes,No,Kia Sonet 2013,8250
Hyundai,Grand i10,2019,2019,61314,220000,Manual,Petrol,1200,Second Owner,HR09B7523,No,Yes,Hyundai Grand i10 2019,11000
Kia,Sonet,2013,2013,61138,170000,Manual,Petrol,2500,Third Owner,PB17A3956,Yes,No,Kia Sonet 2013,8500
Maruti,Ertiga,2018,2018,28440,190000,Manual,Petrol,1200,First Owner,PB16A8297,Yes,Yes,Maruti Ertiga 2018,9500
Volkswagen,Tiguan,2018,2018,101779,405000,Automatic,Electric,2000,First Owner,MH02D1583,No,Yes,Volkswagen Tiguan 2018,20250
Renault,Duster,2023,2023,5760,280000,Manual,Petrol,1000,Second Owner,AP18A3889,No,Yes,Renault Duster 2023,14000
Kia,Carnival,2013,2013,23160,185000,Manual,CNG,2500,Third Owner,KA17B7620,Yes,Yes,Kia Carnival 2013,9250
Ford,Figo,2017,2017,93929,215000,Automatic,Petrol,1500,Second Owner,UP13C9872,Yes,No,Ford Figo 2017,10750
Renault,Triber,2018,2018,46235,195000,Automatic,Petrol,1000,Second Owner,UP10C2155,Yes,No,Renault Triber 2018,9750
Mahindra,XUV300,2022,2022,41405,580000,Manual,Electric,2200,Second Owner,MH17B4175,Yes,Yes,Mahindra XUV300 2022,29000
Honda,WR-V,2017,2017,57913,195000,Manual,Petrol,1500,Third Owner,UP12A7111,Yes,Yes,Honda WR-V 2017,9750
Tata,Safari,2020,2020,41770,305000,Automatic,Petrol,1400,First Owner,TN04C7524,Yes,No,Tata Safari 2020,15250
Kia,Sonet,2019,2019,63990,360000,Manual,Petrol,2200,First Owner,WB02B8737,Yes,Yes,Kia Sonet 2019,18000
Maruti,Swift,2017,2017,81551,180000,Automatic,Diesel,1200,Second Owner,PB08D6122,Yes,No,Maruti Swift 2017,9000
Toyota,Innova,2023,2023,27318,845000,Automatic,Electric,1800,First Owner,WB14B3877,Yes,Yes,Toyota Innova 2023,42250
Mahindra,Marazzo,2017,2017,85074,320000,Automatic,Diesel,1800,Third Owner,UP19B9853,Yes,No,Mahindra Marazzo 2017,16000
